 {"rid": "6ebc62298b27967658ef14c0f2444b87", "result": {"width": 350, "height": 510, "faces": [{"facial_attributes": {"gender": {"male": 0.2498268485069275, "female": 0.7501731514930725}, "age": 38.79270935058594}, "facial_points": {"left_eyebrow": [[0.7059890521197201, 0.27980922915648027], [0.7188246761052746, 0.27408589341581835], [0.7339446098405544, 0.2708114085423971], [0.749353719838369, 0.2708166553220633], [0.7636877884918899, 0.2748977765874372]], "jaw": [[0.6603826433890864, 0.3071199575296422], [0.661971737380888, 0.3194905548714122], [0.6664520719286116, 0.33180877398728265], [0.6734210612269111, 0.34361839653343457], [0.681533287188161, 0.35499016963214314], [0.691311958754402, 0.36552474548373237], [0.7022435905266362, 0.3744494384602748], [0.714981351594472, 0.38157877507282156], [0.7320205430538586, 0.3831464976789549], [0.7539475392273786, 0.3783500522464758], [0.7743822903073556, 0.368858128301056], [0.7927304704522706, 0.3575627590627789], [0.8066390625641133, 0.3439880344001879], [0.8138369341262442, 0.3293787536503477], [0.8150601628688997, 0.3136640043295755], [0.8130693113549746, 0.2979377003804378], [0.8099247265707153, 0.2824034637063825]], "left_eye": [[0.7236778134016205, 0.2921476912646807], [0.7304339740709112, 0.28781435078964684], [0.7397447609944793, 0.28663844859410825], [0.7491782844319346, 0.2878266771045816], [0.7411407645974604, 0.2908509167701478], [0.7323799778132588, 0.2922646258951535]], "lip": [[0.6938118179180248, 0.3477556287139847], [0.6965256201280833, 0.3427564570856831], [0.7024876178236945, 0.33954511787732533], [0.7099992229909342, 0.33912410084317757], [0.7200132073107526, 0.3367207725934742], [0.7342569780333205, 0.3372576115136219], [0.7487846742047821, 0.33960130630566143], [0.7391056275405696, 0.34859117923708544], [0.7271727067701369, 0.35437758140713627], [0.7161856352408733, 0.35681996939935795], [0.7073516181800017, 0.35674300055411673], [0.6995666494299305, 0.35355505998495323], [0.6974328362317933, 0.3473325515522989], [0.7046605912486142, 0.344124195739339], [0.711842037703447, 0.34301914746198486], [0.7235875757094473, 0.34110304282005055], [0.7433125131671904, 0.34078618969265745], [0.7255251560624166, 0.34754071400440056], [0.7136135096210575, 0.3502983083999967], [0.7056702835565978, 0.3501474919060852]], "nose": [[0.6969825312730319, 0.2942147743169049], [0.696225701283147, 0.3027846154925689], [0.695505973361734, 0.31138774254159785], [0.6947211624586219, 0.3199887474525609], [0.6921828408340829, 0.32839937315281226], [0.6979531486925044, 0.32932931058943543], [0.7043595479464546, 0.3297380288688831], [0.7125424139168421, 0.32724197420979323], [0.7207636519899763, 0.3245795521944063]], "right_eye": [[0.667823272214001, 0.30188760564626066], [0.6724191698409143, 0.29820464881298864], [0.6797583967197955, 0.2969894905082601], [0.6876483566431978, 0.29839608220267466], [0.6810648403168764, 0.3010007586364693], [0.6742114693166483, 0.30256602493669205]], "right_eyebrow": [[0.65441925769159, 0.29119127188761496], [0.6579056799816941, 0.28634830477909345], [0.6652046849252984, 0.28380739583815595], [0.6742993878157982, 0.28354646242681136], [0.6830431772242935, 0.28501078936773017]]}, "h": 0.14449500289617798, "yaw": 0.6284055113792419, "class_idx": 0, "score": 0.996895432472229, "w": 0.2105497959681919, "pitch": -0.08475932478904724, "y": 0.2489777359307981, "x": 0.6248628016880581, "roll": 0.21905192732810974}]}}