 {"rid": "15fed28e9cba44a2d3813df977b37b01", "result": {"width": 2000, "height": 3000, "faces": [{"facial_attributes": {"gender": {"male": 0.9341768026351929, "female": 0.06582316011190414}, "age": 55.41830062866211}, "facial_points": {"left_eyebrow": [[0.32480920343920594, 0.50562362119214], [0.3268502334183082, 0.5049695749335767], [0.32904995996463116, 0.504633189627699], [0.3311426660051104, 0.5047320729877878], [0.3327783606197685, 0.5054907497958592]], "jaw": [[0.30961955918454337, 0.5079518026497526], [0.3098787609777647, 0.510146057093454], [0.3103395103970543, 0.5123383512641615], [0.31102947840662676, 0.5144529781440584], [0.3122788396128687, 0.5164704636006927], [0.3140975608801237, 0.5182099033991185], [0.3164853922819719, 0.5196779622438675], [0.3192299450048712, 0.5207146257230392], [0.32234424457643185, 0.5209439027413106], [0.3254461568553001, 0.5205614471062397], [0.3281826565799304, 0.5193800924443951], [0.33052827977058485, 0.5178790187109573], [0.33239962983885785, 0.516047559023959], [0.33355216300832113, 0.5140108286738707], [0.33417792508834976, 0.5118563745932033], [0.3346100797382184, 0.5096924803387686], [0.33476153514869517, 0.5075445556557118]], "left_eye": [[0.3259597455841024, 0.5080269348927153], [0.32737382255862474, 0.5074211574212494], [0.328998119522119, 0.5073429466662774], [0.3304729973883834, 0.5076952534592556], [0.3291240136660636, 0.5081627919871671], [0.327504029191332, 0.5082352600256758]], "lip": [[0.31736396164519254, 0.5158226655026278], [0.3190427232786082, 0.5153227567508196], [0.3207552493004129, 0.515040316413281], [0.32219461748674516, 0.515213584193991], [0.3235982428403106, 0.5149750000723949], [0.32534181509101767, 0.5151687908937534], [0.3270117194327526, 0.5155532269301204], [0.3255437053175643, 0.5165000857522091], [0.3238118359972723, 0.5170901346328048], [0.3222263145307545, 0.5172760250955201], [0.320618982371362, 0.5172192498642332], [0.3189167939101346, 0.5167352659542425], [0.318085218261974, 0.5158521132088578], [0.32053818401130857, 0.5157461567074372], [0.32217023875797174, 0.5158158688458925], [0.32387919032876383, 0.5156661578882797], [0.3263180947816, 0.5156214137905588], [0.3239621944152751, 0.5159976822091578], [0.32221577736451296, 0.5161894579638108], [0.32055127076250506, 0.5161425019893175]], "nose": [[0.3221777097128332, 0.5079679533758512], [0.32214940596511593, 0.5093466045383676], [0.3221748984599486, 0.5107452699427804], [0.32214054951211446, 0.5121536137058711], [0.31943359310314995, 0.5132765124231888], [0.3207988908144646, 0.5134509353448017], [0.32221289063049485, 0.5136719429855546], [0.32358706324575476, 0.5134255144172659], [0.324938049734151, 0.5131515749327218]], "right_eye": [[0.31390214525747584, 0.5081356920237499], [0.3153624410074205, 0.5077149769590081], [0.3169961647258141, 0.507711278383465], [0.31847761783748874, 0.5082490562995275], [0.3169299015160418, 0.5085286803521062], [0.31533920791451825, 0.5085276593998851]], "right_eyebrow": [[0.31143557277580264, 0.5059932763452021], [0.31311928345554046, 0.505226646341694], [0.3152046795675764, 0.5049912939308523], [0.31740899117342203, 0.5052062435117396], [0.319455828167731, 0.5057656392244467]]}, "h": 0.02345117187500001, "yaw": -0.11341845244169235, "class_idx": 0, "score": 0.9758198261260986, "w": 0.035176757812500015, "pitch": -0.11070293933153152, "y": 0.5001204427083333, "x": 0.30410305786132813, "roll": -0.047502465546131134}]}}